,count,mean,std,min,50%,max,skewness
BTC_Price_LogReturn_binary,1263,0.5376088677751386,0.4987810647361879,0.0,1.0,1.0,-0.15086284539182218
